{
  "best_metric": 0.7775383459610661,
  "best_model_checkpoint": "./output/GAS-Indo-o/checkpoint-7026",
  "epoch": 1.0,
  "eval_steps": 500,
  "global_step": 7026,
  "is_hyper_param_search": false,
  "is_local_process_zero": true,
  "is_world_process_zero": true,
  "log_history": [
    {
      "epoch": 0.07116424708226587,
      "grad_norm": 307.5054016113281,
      "learning_rate": 0.0002786507258753202,
      "loss": 7.0821,
      "step": 500
    },
    {
      "epoch": 0.14232849416453175,
      "grad_norm": 18.892173767089844,
      "learning_rate": 0.00025730145175064046,
      "loss": 1.3328,
      "step": 1000
    },
    {
      "epoch": 0.2134927412467976,
      "grad_norm": 14.387470245361328,
      "learning_rate": 0.0002359521776259607,
      "loss": 0.4986,
      "step": 1500
    },
    {
      "epoch": 0.2846569883290635,
      "grad_norm": 1.967588186264038,
      "learning_rate": 0.00021460290350128094,
      "loss": 0.3718,
      "step": 2000
    },
    {
      "epoch": 0.3558212354113294,
      "grad_norm": 3.2962558269500732,
      "learning_rate": 0.00019325362937660118,
      "loss": 0.2622,
      "step": 2500
    },
    {
      "epoch": 0.4269854824935952,
      "grad_norm": 0.5157840847969055,
      "learning_rate": 0.0001719043552519214,
      "loss": 0.1533,
      "step": 3000
    },
    {
      "epoch": 0.49814972957586107,
      "grad_norm": 0.40460270643234253,
      "learning_rate": 0.00015055508112724164,
      "loss": 0.0929,
      "step": 3500
    },
    {
      "epoch": 0.569313976658127,
      "grad_norm": 0.1813347190618515,
      "learning_rate": 0.0001292058070025619,
      "loss": 0.0845,
      "step": 4000
    },
    {
      "epoch": 0.6404782237403929,
      "grad_norm": 0.24297717213630676,
      "learning_rate": 0.00010785653287788215,
      "loss": 0.0569,
      "step": 4500
    },
    {
      "epoch": 0.7116424708226587,
      "grad_norm": 0.3488699197769165,
      "learning_rate": 8.650725875320238e-05,
      "loss": 0.0495,
      "step": 5000
    },
    {
      "epoch": 0.7828067179049246,
      "grad_norm": 0.2260964959859848,
      "learning_rate": 6.515798462852262e-05,
      "loss": 0.0456,
      "step": 5500
    },
    {
      "epoch": 0.8539709649871904,
      "grad_norm": 0.1815934032201767,
      "learning_rate": 4.3808710503842865e-05,
      "loss": 0.0427,
      "step": 6000
    },
    {
      "epoch": 0.9251352120694563,
      "grad_norm": 0.16942520439624786,
      "learning_rate": 2.2459436379163107e-05,
      "loss": 0.0392,
      "step": 6500
    },
    {
      "epoch": 0.9962994591517221,
      "grad_norm": 0.7117420434951782,
      "learning_rate": 1.1101622544833473e-06,
      "loss": 0.0367,
      "step": 7000
    },
    {
      "epoch": 1.0,
      "eval_a_f1_score": 0.8345089091481536,
      "eval_a_precision": 0.8314009661835748,
      "eval_a_recall": 0.8376401755241346,
      "eval_acos_f1_score": 0.6210887150740991,
      "eval_acos_precision": 0.6517285531370038,
      "eval_acos_recall": 0.593200468933177,
      "eval_acs_f1_score": 0.6972477064220183,
      "eval_acs_precision": 0.7307692307692307,
      "eval_acs_recall": 0.6666666666666666,
      "eval_ao_f1_score": 0.7427713228701464,
      "eval_ao_precision": 0.752820949542261,
      "eval_ao_recall": 0.7329864724245577,
      "eval_aos_f1_score": 0.7269254188635889,
      "eval_aos_precision": 0.756595050312755,
      "eval_aos_recall": 0.6994949494949495,
      "eval_as_f1_score": 0.7992610251917055,
      "eval_as_precision": 0.8232890704800817,
      "eval_as_recall": 0.776595744680851,
      "eval_c_f1_score": 0.8240966810004537,
      "eval_c_precision": 0.8348868175765646,
      "eval_c_recall": 0.8135818908122503,
      "eval_cs_f1_score": 0.7456954426741854,
      "eval_cs_precision": 0.7757909215955984,
      "eval_cs_recall": 0.7178477690288714,
      "eval_loss": 0.02984395995736122,
      "eval_o_f1_score": 0.8121172963414344,
      "eval_o_precision": 0.8111013602457218,
      "eval_o_recall": 0.8131357806280407,
      "eval_overall_f1_score": 0.7775383459610661,
      "eval_overall_precision": 0.7905489505987382,
      "eval_overall_recall": 0.7649490562886253,
      "eval_runtime": 223.1114,
      "eval_samples_per_second": 59.589,
      "eval_steps_per_second": 7.449,
      "step": 7026
    }
  ],
  "logging_steps": 500,
  "max_steps": 7026,
  "num_input_tokens_seen": 0,
  "num_train_epochs": 1,
  "save_steps": 500,
  "stateful_callbacks": {
    "TrainerControl": {
      "args": {
        "should_epoch_stop": false,
        "should_evaluate": false,
        "should_log": false,
        "should_save": true,
        "should_training_stop": true
      },
      "attributes": {}
    }
  },
  "total_flos": 1.6846242183733248e+16,
  "train_batch_size": 8,
  "trial_name": null,
  "trial_params": null
}
